Godin A6 Ultra Semi Acoustic,paypal@altomusic.com,799
Ableton Push 2,info@proaudiostar.com,650
Ampeg SVT 3 Pro Bass,,879
Zoom H6,paypal@altomusic.com,295
Zoom H6,paypal@altomusic.com,295
Zoom H6,paypal@altomusic.com,295
Alesis SamplePad Pro,paypal@altomusic.com,238
TC Helicon VoiceLive 3,mariano.cardenes@gmail.com,495
Pioneer DDJ-RB,sales@thedjhookup.com,249
Zoom H5,paypal@altomusic.com,228
Apollo Twin USB,paypal@altomusic.com,724
Alesis Forge Kit Eight Piece,ebaysales@woodwindbrasswind.com,499
Ibanez AW54 3/4 Sized Dreadnought,paypal@altomusic.com,200
Pioneer Ddj Rb,sales@thedjhookup.com,249
Yamaha Yev-104nt 4 String,paypal@altomusic.com,595
Pioneer DDJ RB,sales@thedjhookup.com,249
Zoom Q4n,paypal@altomusic.com,198
Pioneer DDJ RB,sales@thedjhookup.com,249
Schecter E-1 FR S Special Edition Electric Guitar,mariano.cardenes@gmail.com,1149
Gretsch 5422TDC Electromatic (Color Naranja),paypal@altomusic.com,799
Jackson Pro Series Dink,info@proaudiostar.com,540
Roland TD11-KVS,paypal@altomusic.com,1125
Taylor 114ce-n Nylon String,sales@themusiczoo.com,899
Godin A6 Ultra Semi Acoustic,,799
Ableton Push 2,,650
Ampeg SVT 3 Pro Bass,,879
Zoom H6,mariano.cardenes@gmail.com,295
Zoom H6,mariano.cardenes@gmail.com,295
Zoom H6,mariano.cardenes@gmail.com,295
Alesis SamplePad Pro,mariano.cardenes@gmail.com,238
TC Helicon VoiceLive 3,jason.bagley@music-group.com,495
Pioneer DDJ-RB,Justin@iDJnow.com,249
Zoom H5,sales@musicalsupplydirect.com,228
Apollo Twin USB,fede.maidan@gmail.com,724
Alesis Forge Kit Eight Piece,mariano.ppcompras@gmail.com,499
Ibanez AW54 3/4 Sized Dreadnought,save@geartree.com,200
Pioneer Ddj Rb,Justin@iDJnow.com,249
Yamaha Yev-104nt 4 String,,595
Pioneer DDJ RB,Justin@iDJnow.com,249
Zoom Q4n,,198
Pioneer DDJ RB,Justin@iDJnow.com,249
Schecter E-1 FR S Special Edition Electric Guitar,,1149
Gretsch 5422TDC Electromatic (Color Naranja),,799
Jackson Pro Series Dink,,540
Roland TD11-KVS,,1125
Taylor 114ce-n Nylon String,,899