zz33,Adams F7
zz42,Aguilar Tone Hammer Preamp
zz84,Akai Professional MPD218
zz43,Akai Professional Mpx8
zz13,AKG K121
zz12,AKG K701
xxx-5,Akg P420
,Alesis Q88
zz1,Alesis Samplepad pro
zz53,Alesis Vi25 Advanced
zz79,Alessis Nitro 8-Piece
zz31,Allen & Heath Xone K2
zz65,Arturia Microbrute
zz48,AUDIX DP7
zz47,Behringer X-touch Universal Control
zz28,Behringer Xenyx X1204
zz9,Bogner Ecstasy
,Bogner Ectasy Pedal
xxx-11,Bose Soundlink mini II
zz22,Boss GT-1
zz81,Boss ME25
zz16,Boss RC 300
zz40,Boss RC-30 Loop
zz7,Boss Rc30
,Canon 6d body
zz21,Catalinbread Sabbra Cadabra
zz54,Cyclone Analogic TT-606
zz67,Denon MCX 8000
zz8,Digitech Wammy 5
xxx-28,Dunlop Cry Baby 535q
zz41,Electro harmonix Small Clone Classic
zz36,Fulltone Overdrive Full Drive 2 Mosfet
xxx-32,Garmin Forerunner 210XT
zz64,Guitar GigBag
zz50,Ibanez Es2 Echo Shifter Analog Delay 3
zz76,Ibanez TS9 Tube Screamer
xxx-8,Korg Electribe 2
zz73,Line 6 G50 Relay Wireless System
zz11,Line 6 Pod Hd 500x
zz6,Line 6 POD HD500X
zz35,M-Audio Bx8 D2
zz85,M-Audio BX8 D2
zz20,M-Audio Code 49
zz60,M-audio Keystation 88 Mk2
zz10,M-audio M-track 8
xxx-7,M-audio M-Track II *
zz45,Maxon SM 9+ Pro Supermetal
zz24,Moog Mother 32
xxx-22,Mxr M101 Phase 90
xxx-23,Mxr M133 Micro Amp
zz26,MXR M82 Bass Envelope Filter
zz57,Novation Circuit Groove Box
xxx-31,Novation Launch Control XL
zz37,Novation Launchpad Mini MK Ii
zz59,Numark Mixtrack Pro 3
,Numark Mixtrack Pro III
zz30,Pioneer Ddj Rb
zz74,Pioneer DDJ RB
zz55,Pioneer Ddj SB2
zz62,Pioneer Ddj Sb2
zz52,Pioneer Ddj Sr2
zz49,Pioneer DDJ-RR
,Presonus Audiobox 2x2
xxx-6,Presonus Audiobox Itwo
zz2,Radial Bones Vienna chorus
zz56,Rode NT2a
zz14,Rode Rodelink FilmMaker Kit
zz80,Rode Videomicro On-camera
zz69,Rode Vmp Videomic
zz66,Rode Vmp Videomic Pro
zz83,Roland AIRA VT-3
xxx-14,Roland Bt-1
zz39,Roland FP-80
zz38,Roland Gr55 Gk3
zz61,Se Electronics X1 Studio Bundle
zz72,Sennheiser Hd8 Dj Closed Design
zz78,Sennheiser Hd8 Dj Closed Design
,Sennheiser Hd8 Dj Closed Design
zz63,Seymour Duncan Sh-1n '59 Model Neck
zz29,Seymour Duncan Sh-2n Jazz
zz18,Seymour Duncan Stl-2
zz82,Shure BLX24/PG58
zz23,Shure DMK57
xxx-33,Shure N97xE
zz77,Shure SM 58
,Tama Speed Cobra 910
zz32,Tama Speed Cobra 910 Hp910lwn Twin Ped
zz70,Tama Speed Cobra 910 Hp910lwn Twin Pedal
xxx-4,Tascam Dr-60 Mkii
zz71,TC Electronic BH 800
zz25,TC Electronic Helix Phaser
,TC Electronic Polytune 2 Mini
zz34,Tc electronic Polytune Clip
zz5,TC Electronic Sentry
zz44,Tc Electronic Sentry Multiband Noise
zz15,Tc Electronic Sentry Multiband Noise G
zz27,TC Electronic T2 Reverb
,TC Electronic T2 Reverb
zz51,TC Electronic Viscous VV Vibe Vibrato
zz68,TC Helicon MP 75
,TC Helicon MP75
zz58,Tc Helicon Mp75 Mic
zz19,TC Helicon Perform V
zz75,TC Helicon Perform VK
,
,Tc Helicon Switch 6
xxx-17,Tc Helicon Voicetone Create Xt
zzz-1,Tech 21 RK5 Ritchie Kotzen Fly Rig
xxx-29,Vox Delaylab
xxx-16,xxxx
zz17,YAMAHA P115B
xxx-25,Zoom G3x
zz46,Zoom G5n
zz4,Zoom Q4n
xxx-34,Zoom R24
zz3,Zoom Tac-2
